{"Y": 0.100125, "8": 0.018773, "S": 0.060075, "-": 0.075094, "t": 0.030038, "A": 0.12015, "!": 0.01627, "Q": 0.04005, "x": 0.038798, "3": 0.021277, "d": 0.015019, "G": 0.022528, "R": 0.01627, "J": 0.071339, "=": 0.011264, "U": 0.010013, "I": 0.04005, "L": 0.062578, "K": 0.027534, "O": 0.032541, "$": 0.071339, "Z": 0.011264, "F": 0.01627, "E": 0.005006, "n": 0.011264, "C": 0.007509, "B": 0.007509, "h": 0.012516, "W": 0.012516, "\n": 0.005006, "M": 0.003755, ">": 0.005006, "9": 0.001252}