{"Y": 0.099256, "8": 0.01861, "S": 0.059553, "-": 0.074442, "t": 0.029777, "A": 0.119107, "!": 0.016129, "Q": 0.039702, "x": 0.038462, "3": 0.021092, "d": 0.014888, "G": 0.022333, "R": 0.016129, "J": 0.07072, "=": 0.011166, "U": 0.009926, "I": 0.039702, "L": 0.062035, "K": 0.027295, "O": 0.032258, "$": 0.07072, "Z": 0.011166, "F": 0.016129, "E": 0.004963, "n": 0.011166, "C": 0.007444, "B": 0.007444, "\n": 0.011166, "h": 0.012407, "W": 0.012407, "M": 0.003722, ">": 0.004963, " ": 0.002481, "9": 0.001241}